image,r1,r2,r3,r4,r5,r6,r7,r8,r9,r10
Age1.png,1.0,1.0,2.030340209031399,1.1551795353060905,1.7361847197118856,1.461683033005801,1.0,1.4335617763282347,1.0,1.0
Age2.png,2.0777338549363655,1.0,2.9537328832813268,1.4631282598607123,2.800215535727568,2.109056899082494,3.225626463703037,1.4720244689665434,1.750564114824066,2.270215301247061
Age3.png,1.2340231214401565,3.6623371532469897,4.233304315752495,3.9014454346120226,3.6038157154498007,2.883217685507821,4.02552178164777,3.859224497577555,3.314096675661817,3.004091450263186
Age4.png,3.7105865022712616,3.015814243607644,4.98098343425692,2.2623648906518543,3.703882123318148,4.131504055739734,4.687904947690189,5.409328989209449,4.794659020761449,3.766782859121249
Age5.png,5.582502046311314,3.9907197464642428,6.143950821350965,4.874819740136476,4.460992680010354,4.488751919654236,4.950910937903702,4.6857720619440455,6.831927957851663,4.425455081695524
